r2_score,mae,mse,rmse
0.9833481443284131,0.5967781249999999,0.6443448300781249,0.8027109256003215
